#1-TRAYS,Quala Impression Trays Bag #1 Perforated Large Upper Dozen,KENDAL,3.28,3.28
#2-TRAYS,Quala Impression Trays Bag #2 Perforated Large Lower Dozen,KENDAL,3.28,3.28
#5-TRAY,Quala Impression Trays Bag #5 Perforated Small Upper Dozen,KENDAL,3.28,3.28
#6-TRAYS,Quala Impression Trays Bag #6 Perforated Small Lower Dozen,KENDAL,3.28,3.28
001464,"Gradia Dentin, DA1",GCAMER,39.99,39.99
001465,"Gradia Dentin, DA2",GCAMER,41.28,41.28
00625,Sticky wax (120 sticks) Kerr Lab,KERRLAB,42.79,42.79
00625,Sticky wax (120 sticks) Kerr Lab,KERRLAB,44.09,44.09
00625,Sticky wax (120 sticks) Kerr Lab,KERRLAB,41.01,41.01
008412,"GC OptiGlaze Color White, 2.6ml",GCAMER,39.99,39.99
008420,"OptiGlaze Color Blue 2.6ml Refill, GC",GCAMER,39.99,39.99
008425,OPTIGLAZE Color Clear HV 5mL,GCAMER,39.99,39.99
010322,Initial LiSi Press HT-E57 (3gx5),GCAMER,89.02,89.02
010324,Initial LiSi Press HT-E59 (3gx5),GCAMER,89.02,89.02
010326,Initial LiSi Press MT-B00 (3gx5),GCAMER,89.02,89.02
010327,Initial LiSi Press MT-B0 (3gx5),GCAMER,89.02,89.02
010328,Initial LiSi Press MT-A1 (3gx5),GCAMER,89.02,89.02
010329,Initial LiSi Press MT-A2 (3gx5),GCAMER,89.02,89.02
010330,Initial LiSi Press MT-A3 (3gx5),GCAMER,89.02,89.02
010331,Initial LiSi Press MT-B1 (3gx5),GCAMER,89.02,89.02
010332,Initial LiSi Press MT-B2 (3gx5),GCAMER,89.02,89.02
010333,Initial LiSi Press MT-C1 (3gx5),GCAMER,89.02,89.02
010334,Initial LiSi Press MT-C2 (3gx5),GCAMER,89.02,89.02
010335,Initial LiSi Press MT-D2 (3gx5),GCAMER,89.02,89.02
010336,Initial LiSi Press LT-A (3gx5),GCAMER,89.02,89.02
010337,Initial LiSi Press LT-B (3gx5),GCAMER,89.02,89.02
010338,Initial LiSi Press LT-C (3gx5),GCAMER,89.02,89.02
010339,Initial LiSi Press LT-D (3gx5),GCAMER,89.02,89.02
01546,Hi-Heat Soldering Investment,WHIPMI,26.94,26.94
01SC3,"Knife Edge Wheel, Prepolish",CERAMCO,36.14,36.14
01SC3,"Knife Edge Wheel, Prepolish",CERAMCO,35.42,35.42
01SC3,"Knife Edge Wheel, Prepolish",CERAMCO,37.23,37.23
01SC6,"Pre Polish Barrel 7/8"" x 1/4""",CERAMCO,36.14,36.14
02194,Special Liquid Concentrate,WHIPMI,25.90,25.90
02194,Special Liquid Concentrate,WHIPMI,27.25,27.25
02194,Special Liquid Concentrate,WHIPMI,28.64,28.64
02194,Special Liquid Concentrate,WHIPMI,-27.25,-27.25
02194,Special Liquid Concentrate,WHIPMI,-25.90,-25.90
0312063080,O Ring for NSK Presto Aqua,NSK,1.95,1.95
04359,Life-Like Presentation Wax White,WHIPMI,24.23,24.23
0471,Shofu Lab Series 1/2 gross No. 1 pink,SHOFU,71.87,71.87
0472,Shofu Lab series pink stone No. 2 1/2 gross,SHOFU,71.77,71.77
0472,Shofu Lab series pink stone No. 2 1/2 gross,SHOFU,71.87,71.87
0473,Lab Series No. 3 pink 1/2 gross stones Shofu,SHOFU,71.77,71.77
0475,Lab series No. 5 pink stones 1/2 gross Shofu,SHOFU,71.87,71.87
05142,Cerafina Investment,WHIPMI,145.78,145.78
05142,Cerafina Investment,WHIPMI,141.52,141.52
05994,#9 Soft (Bulk Pkg. of 144) Abbott-Robinson HP Brushes,BUFFAL,87.56,87.56
06014,#9 Std-Stiff (Bulk Pkg. of 144) Abbott-Robinson HP Brushes,BUFFAL,74.11,74.11
06014,#9 Std-Stiff (Bulk Pkg. of 144) Abbott-Robinson HP Brushes,BUFFAL,77.44,77.44
06014,#9 Std-Stiff (Bulk Pkg. of 144) Abbott-Robinson HP Brushes,BUFFAL,85.99,85.99
06061,#11 Soft (Pkg of 12),BUFFAL,11.26,11.26
06084,#11 Std-Stiff (Bulk Pkg. of 144) Abbott-Robinson HP Bristle Brush,BUFFAL,74.11,74.11
06084,#11 Std-Stiff (Bulk Pkg. of 144) Abbott-Robinson HP Bristle Brush,BUFFAL,77.44,77.44
06141,Robinson bristle brushes #12 soft,BUFFAL,11.26,11.26
06164,#12 Std-Stiff (Bulk Pkg. of 144) Abbott-Robinson HP Brushes,BUFFAL,79.60,79.60
06475,"VV Lubricant (oil) for Oiler 4oz, Whipmix",WHIPMI,10.59,10.59
06564,Nylon gear diagonal teeth,WHIPMI,25.39,25.39
07366,O-Ring #1-5/16' O.D.-for tip of Trap Cap (Pkg. of 6) #4008,WHIPMI,11.26,11.26
07374,O Ring #2-7-16' #5702 O.D.-fits inside Trap Cap (6)Whipmix,WHIPMI,14.94,14.94
074-22GA-PINK,"Pink Casting Wax 22 Gauge, COrning",CORNIN,23.55,23.55
0821,"Koolies, Green, #6 Fine, 7/8 x 3/32 50/box",DEDECO,41.06,41.06
08251,Mainstay Disposable Articulators Pin Full Arch 25 box Whipmix,WHIPMI,33.37,33.37
08252,Mainstay Disposable Articulator,WHIPMI,50.66,50.66
08252,Mainstay Disposable Articulator,WHIPMI,0.00,0.00
08252,Mainstay Disposable Articulator,WHIPMI,51.70,51.70
08253,Mainstay Disposable Articulators Pin Anteriors 25 box Whipmix,WHIPMI,34.05,34.05
08254,Mainstay Disposable Articulator Pinless Quadrant 50 box Whipmix,WHIPMI,50.66,50.66
08254,Mainstay Disposable Articulator Pinless Quadrant 50 box Whipmix,WHIPMI,0.00,0.00
08254,Mainstay Disposable Articulator Pinless Quadrant 50 box Whipmix,WHIPMI,51.70,51.70
08256,Mainstay Dowel pins,WHIPMI,56.19,56.19
08256,Mainstay Dowel pins,WHIPMI,57.32,57.32
08834,Vac-U-Mixer 875ml Whipmix #6600,WHIPMI,144.63,144.63
08958,Whipmix PLastic Lid with Nylon Bearings 500ml & 875 bowl #6501,WHIPMI,76.68,76.68
09040,Paddle Assembly (R.H. Thread) with DN #6375 Whipmix,WHIPMI,83.37,83.37
09202,"#5705 Plastic Trap with Retainer Spring and Gauze, Whipmix",WHIPMI,11.90,11.90
0921818,Supergel - Alginate 1 lb. (454g),KEYSTO,14.06,14.06
0921825,Supergel - Alginate 1 lb. (454g),KEYSTO,13.61,13.61
0CP04-128,Opticide 3 Disinfectant Gallon/Pour Bottle,KENDAL,19.84,19.84
0CP04-128,Opticide 3 Disinfectant Gallon/Pour Bottle,KENDAL,19.17,19.17
0CP04-128,Opticide 3 Disinfectant Gallon/Pour Bottle,KENDAL,-19.84,-19.84
100030,"Vertex Adhesive 20gm,Super Thin, Dentsply",CERAMCO,8.81,8.81
100030,"Vertex Adhesive 20gm,Super Thin, Dentsply",CERAMCO,8.97,8.97
100030,"Vertex Adhesive 20gm,Super Thin, Dentsply",CERAMCO,8.67,8.67
100030,"Vertex Adhesive 20gm,Super Thin, Dentsply",CERAMCO,9.15,9.15
10050,"Quickcheck, Green, 75g",VACALON,17.23,17.23
10070,Quickcheck White 75g,VACALON,-16.45,-16.45
10070,Quickcheck White 75g,VACALON,17.23,17.23
10070,Quickcheck White 75g,VACALON,16.45,16.45
1013050,Diamond D Self Cure 1 Pd Original Shade Keystone,KEYSTO,-51.35,-51.35
1013050,Diamond D Self Cure 1 Pd Original Shade Keystone,KEYSTO,51.35,51.35
1013050-,Tecstone White 50lbs Garreco,GARRECO,33.55,33.55
1013050-,Tecstone White 50lbs Garreco,GARRECO,30.37,30.37
1013050-,Tecstone White 50lbs Garreco,GARRECO,-30.37,-30.37
1013050-,Tecstone White 50lbs Garreco,GARRECO,31.90,31.90
1013050-,Tecstone White 50lbs Garreco,GARRECO,31.38,31.38
1013050-,Tecstone White 50lbs Garreco,GARRECO,-31.90,-31.90
104-112,"Rapid building Brush, PTC",BLUE,12.63,12.63
10505-,"1 C & B Pre-Packed Box w Foam, Black/Clear, 1000/pk. Harvest",HARVEST,160.22,160.22
10505-,"1 C & B Pre-Packed Box w Foam, Black/Clear, 1000/pk. Harvest",HARVEST,154.80,154.80
10505-,"1 C & B Pre-Packed Box w Foam, Black/Clear, 1000/pk. Harvest",HARVEST,147.06,147.06
10505-,"1 C & B Pre-Packed Box w Foam, Black/Clear, 1000/pk. Harvest",HARVEST,165.80,165.80
10511,"2 C & B Pre-Packed Box w Foam, Black/Clear, 500/ pk. Harvest",HARVEST,132.97,132.97
1090370,"Arbor Bands, Heavy Bonded, Coarse 3/4' (Bag/100) Keystone",KEYSTO,11.10,11.10
1090370,"Arbor Bands, Heavy Bonded, Coarse 3/4' (Bag/100) Keystone",KEYSTO,11.48,11.48
1090370,"Arbor Bands, Heavy Bonded, Coarse 3/4' (Bag/100) Keystone",KEYSTO,11.87,11.87
1090370,"Arbor Bands, Heavy Bonded, Coarse 3/4' (Bag/100) Keystone",KEYSTO,-11.10,-11.10
1100026-50,Mounting Plates (Fit Denar and Hanau) w/metal insert Waterpik 50,WHIPMI,90.62,90.62
110084,Knob Screw assembly,WHIPMI,4.45,4.45
110159-2,Incisal Table,WHIPMI,19.01,19.01
110478,"Support for incisal guide, Whipmix",WHIPMI,53.42,53.42
1170230,"Mounted Wire Brushes 3/4 Steel, Dozen",KEYSTO,18.90,18.90
1170230,"Mounted Wire Brushes 3/4 Steel, Dozen",KEYSTO,-18.90,-18.90
1170245,Brushes Wire Mounted,KEYSTO,18.90,18.90
1201730,"Burs, Laboratory Carbide 1/4 Shank",DEDECO,-12.77,-12.77
1201730,"Burs, Laboratory Carbide 1/4 Shank",DEDECO,12.77,12.77
1201910,"920 Burs, Laboratory Carbide 3/32",DEDECO,-5.87,-5.87
1201910,"920 Burs, Laboratory Carbide 3/32",DEDECO,5.87,5.87
1220010,Akers Knife Carver Complete Keystone,KEYSTO,7.55,7.55
13-1100,Caviwipes Disinfecting Toweletts Can/160 Metrex,METREX,8.30,8.30
13-171,"Halstead Mosquito Hemostat 5' Straight, Stainless Steel",PROFES,2.00,2.00
13005,"Model Trimmer Wheel 12in, Coarse Abrasive #30292, Whipmix",WHIPMI,51.11,51.11
13005,"Model Trimmer Wheel 12in, Coarse Abrasive #30292, Whipmix",WHIPMI,49.60,49.60
13005,"Model Trimmer Wheel 12in, Coarse Abrasive #30292, Whipmix",WHIPMI,47.21,47.21
1340190,Felt Wheels Soft 1' x 1/4' (Bag/100) Keystone 534S,KEYSTO,30.32,30.32
13455,"#6014C MOTOR SWITCH 2 POLE, WHIPMIX",WHIPMI,30.04,30.04
140,Wondergel 3cc syringe,WONDER,10.32,10.32
1410010,"838 Tray Handles, Aluminum",KEYSTO,10.32,10.32
1410010,"838 Tray Handles, Aluminum",KEYSTO,9.68,9.68
1410010,"838 Tray Handles, Aluminum",KEYSTO,10.00,10.00
14821,SS White Burs HP 10pk #1/2,SSWHITE,20.67,20.67
14821,SS White Burs HP 10pk #1/2,SSWHITE,19.34,19.34
14823,SS White Burs HP 10pk #1,SSWHITE,-18.77,-18.77
14823,SS White Burs HP 10pk #1,SSWHITE,18.77,18.77
14823,SS White Burs HP 10pk #1,SSWHITE,19.34,19.34
14826,SS White Burs HP 10pk #2,SSWHITE,20.31,20.31
14826,SS White Burs HP 10pk #2,SSWHITE,19.34,19.34
14832,SS White Burs HP 10pk #4,SSWHITE,21.39,21.39
14838,SS White Burs HP 10pk #6,SSWHITE,20.31,20.31
14844,SS White Burs HP 10pk #8,SSWHITE,19.34,19.34
14898,SS White Burs HP 10pk #1557,SSWHITE,20.31,20.31
14982,SS White Burs FG 10pk #34,SSWHITE,19.03,19.03
14982,SS White Burs FG 10pk #34,SSWHITE,18.57,18.57
14982,SS White Burs FG 10pk #34,SSWHITE,18.12,18.12
14982,SS White Burs FG 10pk #34,SSWHITE,-18.12,-18.12
14985,SS White Burs FG 10pk #35,SSWHITE,19.03,19.03
14985,SS White Burs FG 10pk #35,SSWHITE,18.57,18.57
14988,SS White Burs FG 10pk #37,SSWHITE,18.12,18.12
1502515,Arbor band Drum 3/4 Keystone,KEYSTO,1.03,1.03
1502515,Arbor band Drum 3/4 Keystone,KEYSTO,1.16,1.16
1502515,Arbor band Drum 3/4 Keystone,KEYSTO,1.10,1.10
1520035,Arbor Band Mandrels 3/4 Keystone,KEYSTO,2.78,2.78
1520035,Arbor Band Mandrels 3/4 Keystone,KEYSTO,0.00,0.00
1520050,High Speed Reinforced Mandrels each,META,0.31,0.31
16.095,DENTURE WASHOUT BRUSH DIXON plastic,DIXON,4.90,4.90
16036,TruExpression Anteriors 1x6,DENTS,9.87,9.87
16036,TruExpression Anteriors 1x6,DENTS,14.05,14.05
16036,TruExpression Anteriors 1x6,DENTS,13.92,13.92
1603699,Return of TruExpression Anteriors 1x6,DENTS,-2.35,-2.35
1603699,Return of TruExpression Anteriors 1x6,DENTS,-1.65,-1.65
1605699,Return of TruExpression 10 Degree Posterior 1x8,DENTS,-1.75,-1.75
1605699,Return of TruExpression 10 Degree Posterior 1x8,DENTS,-1.24,-1.24
16057,TruExpression Veraform,DENTS,9.87,9.87
16057,TruExpression Veraform,DENTS,14.05,14.05
16066,TruExpression 20 Degree Posterior 1x8,DENTS,13.92,13.92
1607699,Return TruExpression 33 Posterior,DENTS,-1.75,-1.75
1607699,Return TruExpression 33 Posterior,DENTS,-1.24,-1.24
16077,TruExpression Veraform,DENTS,14.05,14.05
16077,TruExpression Veraform,DENTS,9.87,9.87
16116,Portrait IPN Anteriors 1x6,DENTS,41.61,41.61
16116,Portrait IPN Anteriors 1x6,DENTS,41.23,41.23
16116,Portrait IPN Anteriors 1x6,DENTS,42.90,42.90
1611699,Return Portrait IPN Anteriors 1x6,DENTS,-6.86,-6.86
1611699,Return Portrait IPN Anteriors 1x6,DENTS,-6.93,-6.93
1611699,Return Portrait IPN Anteriors 1x6,DENTS,-6.75,-6.75
16126,Portrait IPN Anatomical 10 Degree Posterior 1x8,DENTS,19.50,19.50
16126,Portrait IPN Anatomical 10 Degree Posterior 1x8,DENTS,19.63,19.63
1612699,Return Portrait IPN Anatomical 10 Degree Posterior 1x8,DENTS,-2.45,-2.45
1612699,Return Portrait IPN Anatomical 10 Degree Posterior 1x8,DENTS,-2.53,-2.53
1612699,Return Portrait IPN Anatomical 10 Degree Posterior 1x8,DENTS,-2.39,-2.39
16136,Portrait IPN 20 Degree Posterior 1x8,DENTS,19.50,19.50
16136,Portrait IPN 20 Degree Posterior 1x8,DENTS,19.63,19.63
1613699,Return Portrait IPN 20 Degree Posterior 1x8,DENTS,-2.44,-2.44
1613699,Return Portrait IPN 20 Degree Posterior 1x8,DENTS,-2.39,-2.39
16146,Portrait IPN 33 Degree Posterior 1x8,DENTS,19.63,19.63
1614699,Return Portrait IPN 33 Degree Posterior 1x8,DENTS,-2.45,-2.45
16156,Portrait IPN 0 Degree Posterior 1x8,DENTS,19.50,19.50
1615699,Return Portrait IPN 0 Degree Posterior 1x8,DENTS,-2.39,-2.39
16166,Portrait IPN 40 Degree Euroline Posterior 1x8,DENTS,19.50,19.50
16166,Portrait IPN 40 Degree Euroline Posterior 1x8,DENTS,20.26,20.26
16166,Portrait IPN 40 Degree Euroline Posterior 1x8,DENTS,19.63,19.63
1616699,Return Portrait IPN Euroline 40 Degree Posterior 1x8,DENTS,-2.39,-2.39
16176,Portrait IPN 22 Degree Biostabil Posterior 1x8,DENTS,19.63,19.63
16176,Portrait IPN 22 Degree Biostabil Posterior 1x8,DENTS,19.50,19.50
1617699,Return Portrait IPN Biostabil 22 Degree Posterior 1x8,DENTS,-2.44,-2.44
16626,Bioblend IPN Plastic Anteriors 1x6,DENTS,42.71,42.71
16636,Bioform IPN Plastic Anteriors 1x6,DENTS,40.90,40.90
16686,Bioform IPN 20 Degree Posterior 1x8,DENTS,20.97,20.97
1670016,"Scotch Brite Coarse Miniature Brush PKG/12, Keystone",KEYSTO,16.32,16.32
1670016,"Scotch Brite Coarse Miniature Brush PKG/12, Keystone",KEYSTO,-16.32,-16.32
1670016,"Scotch Brite Coarse Miniature Brush PKG/12, Keystone",KEYSTO,16.84,16.84
1670016,"Scotch Brite Coarse Miniature Brush PKG/12, Keystone",KEYSTO,17.35,17.35
1670087,"Geza Starbrush (White Goat Hair) PK/12, Keystone",KEYSTO,15.87,15.87
1670087,"Geza Starbrush (White Goat Hair) PK/12, Keystone",KEYSTO,15.35,15.35
1670087,"Geza Starbrush (White Goat Hair) PK/12, Keystone",KEYSTO,16.39,16.39
1670088,Black Chung King Geza Bristle Brush star mounted 12 121HP Keyston,KEYSTO,15.35,15.35
1670088,Black Chung King Geza Bristle Brush star mounted 12 121HP Keyston,KEYSTO,15.87,15.87
1670088,Black Chung King Geza Bristle Brush star mounted 12 121HP Keyston,KEYSTO,16.39,16.39
1670089,"Geza Starbrush (White Chung Hair) PK/12, Keystone",KEYSTO,15.35,15.35
1670090,"Geza Starbrush (Grey Chung King) PK/12, Keystone",KEYSTO,15.35,15.35
1670091,Scotch Brite Mini Brush Fine Pk/12 Keystone,KEYSTO,17.03,17.03
1670091,Scotch Brite Mini Brush Fine Pk/12 Keystone,KEYSTO,17.61,17.61
1670091,Scotch Brite Mini Brush Fine Pk/12 Keystone,KEYSTO,18.19,18.19
1670092,Scotch Brite Mini Brush Med Pk/12 Keystone,KEYSTO,17.03,17.03
1670092,Scotch Brite Mini Brush Med Pk/12 Keystone,KEYSTO,17.61,17.61
16716,Classic Plastic Anteriors 1x6,DENTS,5.17,5.17
16716,Classic Plastic Anteriors 1x6,DENTS,5.24,5.24
16716,Classic Plastic Anteriors 1x6,DENTS,0.00,0.00
1671699,Return Classic Plastic Anteriors,DENTS,-0.86,-0.86
1671699,Return Classic Plastic Anteriors,DENTS,-0.87,-0.87
1671699,Return Classic Plastic Anteriors,DENTS,-0.84,-0.84
16726,Classic Plastic 33 Degree Posterior,DENTS,5.17,5.17
16726,Classic Plastic 33 Degree Posterior,DENTS,0.00,0.00
1672699,Return Classic Plastic 33 Deg Posterior,DENTS,-0.65,-0.65
1672699,Return Classic Plastic 33 Deg Posterior,DENTS,-0.63,-0.63
16736,Classic Plastic 20 Degree Posterior 1x8,DENTS,5.17,5.17
16746,Classic Plastic 10 Degree Posterior 1x8,DENTS,5.17,5.17
16746,Classic Plastic 10 Degree Posterior 1x8,DENTS,0.00,0.00
1674699,Return Classic Plastic 10 Deg Posterior,DENTS,-0.65,-0.65
1674699,Return Classic Plastic 10 Deg Posterior,DENTS,-0.63,-0.63
16756,Classic Plastic 0 Degree Posterior 1x8,DENTS,5.17,5.17
16756,Classic Plastic 0 Degree Posterior 1x8,DENTS,0.00,0.00
1675699,Return Classic Plastic 0 Degree Posterior 1x8,DENTS,-0.65,-0.65
17.278,1X2 FELT CONES POINTED DIXON POINTED,DIXON,2.06,2.06
17.367,Felt Wheels Buff 3/4X1/8 Box of 25,DIXON,2.71,2.71
17.616,Baby Buffs 1 x16ply. Dixon Dozen,DIXON,5.35,5.35
17.618,"Baby Buffs 1 1/2 x16ply. Dozen, Dixon",DIXON,5.68,5.68
1714-0110,"Takanishi brush, size 1/0 Renfert 2pcs",RENFER,16.95,16.95
1714-0110,"Takanishi brush, size 1/0 Renfert 2pcs",RENFER,16.46,16.46
1714-0110,"Takanishi brush, size 1/0 Renfert 2pcs",RENFER,16.98,16.98
1715-0004,"Genius brush, size 4 Renfert",RENFER,37.29,37.29
1716-0002,Ceramicus Porcelain Brush #2 (2pcs) Renfert,RENFER,23.73,23.73
1716-0002,Ceramicus Porcelain Brush #2 (2pcs) Renfert,RENFER,22.99,22.99
1716-0002,Ceramicus Porcelain Brush #2 (2pcs) Renfert,RENFER,-23.73,-23.73
1716-0004,Ceramicus Porcelain Brush #4 (2pcs) Renfert,RENFER,24.86,24.86
1716-0006,Ceramicus Porcelain Brush #6 Renfert,RENFER,22.35,22.35
172334,Giroform T1A Fuses,AMANN,5.64,5.64
172334,Giroform T1A Fuses,AMANN,5.03,5.03
1725-0004,"lay art Style Size 4 slim (1 pcs), Renfert",RENFER,29.48,29.48
1725-0006,"Style Size 6 slim Brush (1 pcs), Renfert",RENFER,66.89,66.89
1725-0006,"Style Size 6 slim Brush (1 pcs), Renfert",RENFER,49.20,49.20
1725-0006,"Style Size 6 slim Brush (1 pcs), Renfert",RENFER,64.94,64.94
176710,Giroform-Tungston Carbide Bur for G,AMANN,41.77,41.77
176710,Giroform-Tungston Carbide Bur for G,AMANN,38.24,38.24
1800025,"Strengtheners, Gold Plated Braided",KEYSTO,12.32,12.32
1800025,"Strengtheners, Gold Plated Braided",KEYSTO,11.94,11.94
1800025,"Strengtheners, Gold Plated Braided",KEYSTO,-11.94,-11.94
1800085,"Grid Strengtheners pack of 10 precut Stainless Steel, Keystone",KEYSTO,27.03,27.03
18081,54d Small Round Carbide Bur,BUFFAL,8.15,8.15
1821025,Harris Torch Tip Tube Extension (D-50-C),KEYSTO,47.87,47.87
1821030,"Harris multi hole casting tip, 1390-H Keystone",KEYSTO,42.90,42.90
1860133,Yeti IQ Sculpturing Wax Neon Yellow 45 tin Keystone,KEYSTO,26.06,26.06
1880262,1lb. Regular Boxing Wax Keystone,KEYSTO,16.32,16.32
1880510,Kewax - Wire Wax of 1/2 lb. Spools,KEYSTO,17.29,17.29
1880510,Kewax - Wire Wax of 1/2 lb. Spools,KEYSTO,18.45,18.45
1880510,Kewax - Wire Wax of 1/2 lb. Spools,KEYSTO,17.87,17.87
1880520,Kewax - Wire Wax of 1/2 lb. Spools 10 Ga.Keystone,KEYSTO,17.87,17.87
1880530,Kewax - Wire Wax of 1/2 lb. Spools 12 Ga. Keystone,KEYSTO,17.29,17.29
1900780,"Wire, Clasp, Stainless Round 19 Ga. Pkg/10 Keystone",KEYSTO,5.03,5.03
1900780,"Wire, Clasp, Stainless Round 19 Ga. Pkg/10 Keystone",KEYSTO,4.84,4.84
191-12GA,"Blue Wire Wax Spools 1/2pd, 12 Gauge, Corning",CORNIN,20.61,20.61
20011577,"Denar Mark 300 Series, 20 pack mounting plates, Whipmix",WHIPMI,44.46,44.46
20011577,"Denar Mark 300 Series, 20 pack mounting plates, Whipmix",WHIPMI,45.82,45.82
20011577,"Denar Mark 300 Series, 20 pack mounting plates, Whipmix",WHIPMI,42.33,42.33
2019020,Resilience Abrasive Pumice Sub,GARRECO,42.58,42.58
2019020,Resilience Abrasive Pumice Sub,GARRECO,33.48,33.48
2033,Glove/Cuff for Sandstorm,VANIMA,5.81,5.81
2075,Light Switch for Vaniman Sandstorm,VANIMA,9.68,9.68
2102050,Aluminum Oxide White 50 micr. 50lbs,PANAST,64.52,64.52
21156,"Door Gasket for 12' Model Trimmer, Whipmix",WHIPMI,13.15,13.15
2141-0110,"Waxlectric tip, blade, lance Renfert",RENFER,33.43,33.43
2145A,Sand Tank Only,VANIMA,58.06,58.06
2154-0002,"Waxlectric Heating handle, red, Renfert",RENFER,61.07,61.07
2192,"Long-Lasting Anti-Static hose (By the foot), Vaniman",VANIMA,2.90,2.90
22020,#34076 Attach Button Assembly Whipmix,WHIPMI,22.06,22.06
230,Plaster & Stone Remover gallon L&R,L&R,27.74,27.74
2303550,Glass Beads 50lbs Carton 80 microns Garreco,GARRECO,77.87,77.87
232,Tartar Light Stain & Permanent Cement Remover gallon L&R,L&R,25.16,25.16
232,Tartar Light Stain & Permanent Cement Remover gallon L&R,L&R,-25.16,-25.16
24.925,"Solenoid Valve W/Conduit 110V, Grobet",DIXON,78.19,78.19
262,"Quala Gloves, Latex Powder Free,",KENDAL,-4.89,-4.89
265,"Quala Gloves, Latex Powder Free,",KENDAL,-4.89,-4.89
266,"Quala Gloves, Latex Powder Free,",KENDAL,4.89,4.89
266,"Quala Gloves, Latex Powder Free,",KENDAL,-4.89,-4.89
27170,"Gator Build Up Wax - Blue, Whipmix",WHIPMI,76.76,76.76
28-1000,"No Stick Mini Bowls, Combination Set 1 large & 3 small",TAUB,39.65,39.65
2904,On/Off Switch (Green) Vaniman,VANIMA,11.61,11.61
2921-0002,Dust bag for Silent TS/TS2,RENFER,56.17,56.17
2921-0002,Dust bag for Silent TS/TS2,RENFER,54.42,54.42
2921-0002,Dust bag for Silent TS/TS2,RENFER,56.06,56.06
2921-0002,Dust bag for Silent TS/TS2,RENFER,-56.17,-56.17
30-139,"#139 Bird Beak Wire Bending Pliers, Stainless Steel",PROFES,7.14,7.14
30-200,"#200 Clasp Adjusting 3 Prong Pliers, Stainless Steel",PROFES,6.45,6.45
3000-,"DuraPattern LC Flow, Blue 3g syringe (3-pk) Harvest",HARVEST,50.28,50.28
3000-,"DuraPattern LC Flow, Blue 3g syringe (3-pk) Harvest",HARVEST,51.79,51.79
3000-,"DuraPattern LC Flow, Blue 3g syringe (3-pk) Harvest",HARVEST,47.96,47.96
305-105,Kromatica Impression Normal Set,MATECH,8.32,8.32
30560,"Arbor Band Chuck for Jacobs Chuck 1/4 shank, Right Side",BUFFAL,8.17,8.17
31-742,College Cotton Plier 6 No Lock Professional,PROFES,1.78,1.78
31-743,"College Cotton Plier 6' with Lock, Stainless Steel",PROFES,2.23,2.23
31307,"LeanRock, Ivory 55lbs Type 4 Die Stone, Whipmix",WHIPMI,73.29,73.29
31307,"LeanRock, Ivory 55lbs Type 4 Die Stone, Whipmix",WHIPMI,76.26,76.26
31307,"LeanRock, Ivory 55lbs Type 4 Die Stone, Whipmix",WHIPMI,74.77,74.77
31307,"LeanRock, Ivory 55lbs Type 4 Die Stone, Whipmix",WHIPMI,71.83,71.83
31307,"LeanRock, Ivory 55lbs Type 4 Die Stone, Whipmix",WHIPMI,92.78,92.78
31315,"LeanRock XL5, Ivory 55lbs Type 5 Die Stone, Whipmix",WHIPMI,73.29,73.29
31315,"LeanRock XL5, Ivory 55lbs Type 5 Die Stone, Whipmix",WHIPMI,-74.77,-74.77
31315,"LeanRock XL5, Ivory 55lbs Type 5 Die Stone, Whipmix",WHIPMI,74.77,74.77
335205,Pattern Resin LS 250g Liquid Refill GC,GCAMER,61.92,61.92
35177,Ultrawaxer Spatula Cord/Handle,KERRLAB,72.48,72.48
38127,Special Liquid Concentrate Plus,WHIPMI,34.30,34.30
38127,Special Liquid Concentrate Plus,WHIPMI,32.63,32.63
38130,Special Liquid Concentrate Plus,WHIPMI,200.16,200.16
3814-01,TCS Mold Release 12oz Spray,TCS,8.45,8.45
38171,Formula 1 100g x 100 envelopes no liquid Whipmix,WHIPMI,128.44,128.44
38171,Formula 1 100g x 100 envelopes no liquid Whipmix,WHIPMI,134.86,134.86
38171,Formula 1 100g x 100 envelopes no liquid Whipmix,WHIPMI,124.68,124.68
38171,Formula 1 100g x 100 envelopes no liquid Whipmix,WHIPMI,137.57,137.57
400-1050,Mega Tray Blue LC Custom Tray,SELEAL,44.52,44.52
400-1054,Mega Tray Pink LC 1.4mm Thin,SELEAL,44.52,44.52
40002,Disposable Press Plunger 13mm/emax (3 gr) Box of 50,VACALON,51.10,51.10
40002,Disposable Press Plunger 13mm/emax (3 gr) Box of 50,VACALON,44.32,44.32
40002,Disposable Press Plunger 13mm/emax (3 gr) Box of 50,VACALON,46.84,46.84
40002,Disposable Press Plunger 13mm/emax (3 gr) Box of 50,VACALON,52.85,52.85
40002,Disposable Press Plunger 13mm/emax (3 gr) Box of 50,1,46.84,46.84
4061-032,.032 ball clasp masel 100/pk,MASELI,18.71,18.71
4061-032,.032 ball clasp masel 100/pk,ORTHO,10.25,10.25
4061-032,.032 ball clasp masel 100/pk,ORTHO,9.73,9.73
4061-032,.032 ball clasp masel 100/pk,ORTHO,10.53,10.53
4061-032,.032 ball clasp masel 100/pk,ORTHO,19.64,19.64
40917P15R,Cover Seal 1/8 X1/2 Strip & Stick,NOBILI,6.71,6.71
41943,Dual-Lustre Polishing Compound Yates & Bird,YATES,10.90,10.90
4403M,"Latex Finger Cot, Medium, 144/pack",KENDAL,3.28,3.28
4592,Dedeco Clasp Polisher green (Rubber points) 100/box,DEDECO,22.61,22.61
4592,Dedeco Clasp Polisher green (Rubber points) 100/box,DEDECO,20.93,20.93
4592,Dedeco Clasp Polisher green (Rubber points) 100/box,DEDECO,21.77,21.77
4592,Dedeco Clasp Polisher green (Rubber points) 100/box,DEDECO,20.09,20.09
47.230,"Band Chuck for Jacobs Chuck, Dixon",DIXON,5.29,5.29
47015,All Season Wax (5 lb.) Yates & Bird,YATES,51.55,51.55
47015,All Season Wax (5 lb.) Yates & Bird,YATES,58.90,58.90
47015,All Season Wax (5 lb.) Yates & Bird,YATES,64.97,64.97
47015,All Season Wax (5 lb.) Yates & Bird,YATES,56.77,56.77
47015,All Season Wax (5 lb.) Yates & Bird,YATES,61.81,61.81
500-150,Crosspin Refill Long (22mm pins and Long sleeves) Blue Dolphin,BLUE,-179.98,-179.98
500-150,Crosspin Refill Long (22mm pins and Long sleeves) Blue Dolphin,BLUE,179.98,179.98
500-160,Crosspin long Pins only,BLUE,110.05,110.05
500-180,Crosspin Short Sleeves,BLUE,91.10,91.10
50046182,Denstone White 50lbs carton Type III,KULZER,37.35,37.35
50046182,Denstone White 50lbs carton Type III,KULZER,-37.35,-37.35
50046185,"Denstone Type III, Golden (Model Stone) 50lbs, Kulzer",KULZER,39.25,39.25
50046185,"Denstone Type III, Golden (Model Stone) 50lbs, Kulzer",KULZER,0.00,0.00
50046185,"Denstone Type III, Golden (Model Stone) 50lbs, Kulzer",KULZER,39.64,39.64
50046185,"Denstone Type III, Golden (Model Stone) 50lbs, Kulzer",KULZER,38.10,38.10
50046185,"Denstone Type III, Golden (Model Stone) 50lbs, Kulzer",KULZER,39.37,39.37
50046185,"Denstone Type III, Golden (Model Stone) 50lbs, Kulzer",KULZER,-39.25,-39.25
50046590,"Die-Keen 50lb Pink Carton Modern Materials, Kulzer",KULZER,72.74,72.74
50046590,"Die-Keen 50lb Pink Carton Modern Materials, Kulzer",KULZER,0.00,0.00
50046590,"Die-Keen 50lb Pink Carton Modern Materials, Kulzer",KULZER,72.51,72.51
50046590,"Die-Keen 50lb Pink Carton Modern Materials, Kulzer",KULZER,70.40,70.40
50046590,"Die-Keen 50lb Pink Carton Modern Materials, Kulzer",KULZER,-70.40,-70.40
50046590,"Die-Keen 50lb Pink Carton Modern Materials, Kulzer",KULZER,73.24,73.24
50046635,"Die-Keen 50lb Ivory Carton Modern Materials, Kulzer",KULZER,70.40,70.40
50046635,"Die-Keen 50lb Ivory Carton Modern Materials, Kulzer",KULZER,0.00,0.00
50046635,"Die-Keen 50lb Ivory Carton Modern Materials, Kulzer",KULZER,-70.40,-70.40
50048552,"Lab Plaster 50lb Fast Set Carton Modern Materials, Kulzer",KULZER,29.15,29.15
50048552,"Lab Plaster 50lb Fast Set Carton Modern Materials, Kulzer",KULZER,0.00,0.00
50048552,"Lab Plaster 50lb Fast Set Carton Modern Materials, Kulzer",KULZER,26.50,26.50
50048552,"Lab Plaster 50lb Fast Set Carton Modern Materials, Kulzer",KULZER,28.30,28.30
50048552,"Lab Plaster 50lb Fast Set Carton Modern Materials, Kulzer",KULZER,32.27,32.27
50048552,"Lab Plaster 50lb Fast Set Carton Modern Materials, Kulzer",KULZER,26.23,26.23
50048552,"Lab Plaster 50lb Fast Set Carton Modern Materials, Kulzer",KULZER,29.24,29.24
50048552,"Lab Plaster 50lb Fast Set Carton Modern Materials, Kulzer",KULZER,31.32,31.32
50048552,"Lab Plaster 50lb Fast Set Carton Modern Materials, Kulzer",KULZER,29.44,29.44
50095492,Trial Pkg of Hard Bite Blocks Pink Modern Material box of 12,KULZER,18.72,18.72
50095592,Bite blocks pink trial size 12 blocks soft,KULZER,18.72,18.72
50095992,Bite Blocks Soft Lab Pkg MM WAX,KULZER,72.39,72.39
5100179,Enamelite Nova Low Fusing,KEYSTO,57.42,57.42
5122,Dedeco Green tooth grinding Lathe wheel 3'x 1/4,DEDECO,11.70,11.70
5122,Dedeco Green tooth grinding Lathe wheel 3'x 1/4,DEDECO,-11.70,-11.70
512511,Amann Giroform Magnets (100pcs) 20x6mm,AMANN,45.29,45.29
512511,Amann Giroform Magnets (100pcs) 20x6mm,AMANN,44.44,44.44
512511,Amann Giroform Magnets (100pcs) 20x6mm,AMANN,49.20,49.20
5137,Acrylic Base Plate Wheel 3' X 1/4' Dedeco,DEDECO,14.22,14.22
5138,Acrylic Base Plate Wheel 3' x 3/8' Dedeco,DEDECO,15.06,15.06
5138,Acrylic Base Plate Wheel 3' x 3/8' Dedeco,DEDECO,16.74,16.74
52816,Lavender X-Small Nitrile Gloves box of 250 Kimberly Clark,KENDAL,16.84,16.84
52817,Lavender Small Nitrile Gloves box of 250 Kimberly Clark,KENDAL,16.85,16.85
52817,Lavender Small Nitrile Gloves box of 250 Kimberly Clark,KENDAL,16.84,16.84
52818,Lavender Medium Nitrile Gloves box of 250 Kimberly Clark,KENDAL,16.84,16.84
52818,Lavender Medium Nitrile Gloves box of 250 Kimberly Clark,KENDAL,-16.84,-16.84
52819,Lavender Large Nitrile Gloves box of 250 Kimberly Clark,KENDAL,16.84,16.84
52820,Lavender X-Large Nitrile Gloves box of 250 Kimberly Clark,KENDAL,16.84,16.84
5330E-B,"Extra-Safe Ear-Loop Face Masks, Sky Blue, 50/bx 99.7% 0.1 micron",KENDAL,3.23,3.23
5330E-B,"Extra-Safe Ear-Loop Face Masks, Sky Blue, 50/bx 99.7% 0.1 micron",1,3.23,3.23
55600,No. 7R Knife w/ Rosewood Handle 1-1/2' Blade BUFFALO,BUFFAL,11.88,11.88
55600,No. 7R Knife w/ Rosewood Handle 1-1/2' Blade BUFFALO,BUFFAL,12.18,12.18
56-2520,"Dynex Brilliant 0.25 x 20mm 10pcs, Renfert",RENFER,41.79,41.79
56-2520,"Dynex Brilliant 0.25 x 20mm 10pcs, Renfert",RENFER,-39.13,-39.13
56-2520,"Dynex Brilliant 0.25 x 20mm 10pcs, Renfert",RENFER,44.33,44.33
56-2520,"Dynex Brilliant 0.25 x 20mm 10pcs, Renfert",RENFER,43.06,43.06
56-2520,"Dynex Brilliant 0.25 x 20mm 10pcs, Renfert",RENFER,39.13,39.13
56846,Relyx Unicem 2 Automix SHADE A2,MMM,134.57,134.57
56883,RelyX Ultimate Mixing Tips,MMM,33.30,33.30
56883,RelyX Ultimate Mixing Tips,MMM,35.20,35.20
56888,Relyx Resin Ultimate Cement,MMM,171.96,171.96
56888,Relyx Resin Ultimate Cement,MMM,170.26,170.26
56888,Relyx Resin Ultimate Cement,MMM,176.07,176.07
56888,Relyx Resin Ultimate Cement,MMM,-170.26,-170.26
57-0322,"Dynex seperating discs 22x0.3 mm, 20 pcs, Renfert",RENFER,26.97,26.97
57-0322,"Dynex seperating discs 22x0.3 mm, 20 pcs, Renfert",RENFER,27.78,27.78
576450,"Giroform pins 1,000 Amann",AMANN,33.88,33.88
576450,"Giroform pins 1,000 Amann",AMANN,30.09,30.09
576450,"Giroform pins 1,000 Amann",AMANN,37.51,37.51
576461,Amann Giroform Putty 1kg,AMANN,57.67,57.67
576461,Amann Giroform Putty 1kg,AMANN,47.30,47.30
576710,"Giroform Base plate Premium +L, 100pkg, Amann",AMANN,101.82,101.82
576710,"Giroform Base plate Premium +L, 100pkg, Amann",AMANN,90.48,90.48
576710,"Giroform Base plate Premium +L, 100pkg, Amann",AMANN,112.72,112.72
576770,"Giroform quadrant base plate (100pcs.), Amann",AMANN,54.35,54.35
576790,"Giroform Adaptors for Vertex Articulators 100pcs, Amann",AMANN,21.39,21.39
576790,"Giroform Adaptors for Vertex Articulators 100pcs, Amann",AMANN,23.68,23.68
5F,"5F Open Face Gold, Lateral, Denture Crown Shade 10 Masel",MASEL,137.69,137.69
5FFULLCUSPID,"5F Full Gold, Cuspid, Denture Crown Masel",MASEL,151.70,151.70
61139,Nobilium Silicone Lubricant,NOBILI,41.93,41.93
62066,O-Rings for 3 Inch Cover,NOBILI,6.45,6.45
64708063,"Palaseal Denture Sealant 2x15ml liquid, Kulzer",KULZER,74.80,74.80
64708063,"Palaseal Denture Sealant 2x15ml liquid, Kulzer",KULZER,76.30,76.30
64708063,"Palaseal Denture Sealant 2x15ml liquid, Kulzer",KULZER,72.62,72.62
66057432,Pala Lab Putty 90 Shore,KULZER,85.16,85.16
680049,Dentsply Repair Material Liquid 946 ml,DENTS,48.13,48.13
680057,Lucitone 199 Repair Material,DENTS,59.16,59.16
7002,2 1/2' FIBRE CUT DISC Econo Cutters 6/BX,DEDECO,16.74,16.74
7002,2 1/2' FIBRE CUT DISC Econo Cutters 6/BX,DEDECO,-16.74,-16.74
7002002,Die Spacer Blue 2oz. Garreco,GARRECO,14.71,14.71
7176,MS1 Master Sealer 8oz Refill,HARVEST,32.48,32.48
7176,MS1 Master Sealer 8oz Refill,HARVEST,35.56,35.56
7176,MS1 Master Sealer 8oz Refill,HARVEST,34.03,34.03
7192,Sure Sep Composite Release Harvest 1/2oz,HARVEST,20.09,20.09
7192,Sure Sep Composite Release Harvest 1/2oz,HARVEST,21.64,21.64
7192,Sure Sep Composite Release Harvest 1/2oz,HARVEST,20.86,20.86
76DF,Filters for 76d handler dust collector,HANDLE,23.44,23.44
77307,Boxing Wax Regular Red 1 LB/PK-1.5 x 0.1 x 11,DENTS,24.52,24.52
77307,Boxing Wax Regular Red 1 LB/PK-1.5 x 0.1 x 11,DENTS,25.61,25.61
77307,Boxing Wax Regular Red 1 LB/PK-1.5 x 0.1 x 11,DENTS,25.03,25.03
79350,"Plaster Spatulas No. 3R, 4' Stiff Blade with Rosewood Handle",BUFFAL,13.01,13.01
8000764,Anterior Casing Drawer,DENTS,0.00,0.00
8000766,Posterior Casing Drawer,DENTS,0.00,0.00
8006702,Dentsply Tooth Cabinet 2 drawers,DENTS,0.00,0.00
8006710,Dentsply Tooth Cabinet 10 Drawers,DENTS,0.00,0.00
8024-01,"3D Vertex Like, Black Slotted",WHOLPA,11.61,11.61
8024-01,"3D Vertex Like, Black Slotted",WHOLPA,9.68,9.68
8024-01,"3D Vertex Like, Black Slotted",WHOLPA,-9.68,-9.68
8024-01,"3D Vertex Like, Black Slotted",WHOLPA,-11.61,-11.61
8024-02,Disposable Articulators Slotted,WHOLPA,12.90,12.90
8024-08,Vertex-like Disposable Articulator ,TIGER,12.90,12.90
8035-01,"Hooded Quartz Crucible, Non-Slot Closed Nowak",META,4.52,4.52
8510,Super Peg II Custom Peg putty 12cc syringe (Pack of 4),HARVEST,23.19,23.19
8510,Super Peg II Custom Peg putty 12cc syringe (Pack of 4),HARVEST,23.65,23.65
8510,Super Peg II Custom Peg putty 12cc syringe (Pack of 4),HARVEST,19.51,19.51
8510,Super Peg II Custom Peg putty 12cc syringe (Pack of 4),HARVEST,-22.41,-22.41
8510,Super Peg II Custom Peg putty 12cc syringe (Pack of 4),HARVEST,22.41,22.41
8510,Super Peg II Custom Peg putty 12cc syringe (Pack of 4),HARVEST,20.17,20.17
8510,Super Peg II Custom Peg putty 12cc syringe (Pack of 4),HARVEST,24.58,24.58
870001,"Paste Opaque, OA1 Initial Porcelain 3g GC",GCAMER,24.50,24.50
870001,"Paste Opaque, OA1 Initial Porcelain 3g GC",GCAMER,23.21,23.21
870001,"Paste Opaque, OA1 Initial Porcelain 3g GC",GCAMER,-23.21,-23.21
870002,"Paste Opaque, OA2 Initial Porcelain 3g GC",GCAMER,24.50,24.50
870002,"Paste Opaque, OA2 Initial Porcelain 3g GC",GCAMER,23.21,23.21
870003,"Paste Opaque, OA3 Initial Porcelain 3g GC",GCAMER,24.50,24.50
870003,"Paste Opaque, OA3 Initial Porcelain 3g GC",GCAMER,23.21,23.21
870003,"Paste Opaque, OA3 Initial Porcelain 3g GC",GCAMER,-23.21,-23.21
870004,"Paste Opaque, OA3.5 Initial Porcelain 3g GC",GCAMER,24.50,24.50
870004,"Paste Opaque, OA3.5 Initial Porcelain 3g GC",GCAMER,23.21,23.21
870005,"Paste Opaque, OA4 Initial Porcelain 3g GC",GCAMER,24.50,24.50
870005,"Paste Opaque, OA4 Initial Porcelain 3g GC",GCAMER,23.21,23.21
870006,"Paste Opaque, OB1 Initial Porcelain 3g GC",GCAMER,24.50,24.50
870007,"Paste Opaque, OB2 Initial Porcelain 3g GC",GCAMER,24.50,24.50
870007,"Paste Opaque, OB2 Initial Porcelain 3g GC",GCAMER,23.21,23.21
870008,"Paste Opaque, OB3 Initial Porcelain 3g GC",GCAMER,24.50,24.50
870009,"Paste Opaque, OB4 Initial Porcelain 3g GC",GCAMER,24.50,24.50
870010,"Paste Opaque, OC1 Initial Porcelain 3g GC",GCAMER,24.50,24.50
870011,"Paste Opaque, OC2 Initial Porcelain 3g GC",GCAMER,24.50,24.50
870011,"Paste Opaque, OC2 Initial Porcelain 3g GC",GCAMER,23.21,23.21
870012,"Paste Opaque, OC3 Initial Porcelain 3g GC",GCAMER,24.50,24.50
870012,"Paste Opaque, OC3 Initial Porcelain 3g GC",GCAMER,23.21,23.21
870013,"Paste Opaque, OC4 Initial Porcelain 3g GC",GCAMER,24.50,24.50
870014,"Paste Opaque, OD2 Initial Porcelain 3g GC",GCAMER,24.50,24.50
870015,"Paste Opaque, OD3 Initial Porcelain 3g GC",GCAMER,24.50,24.50
870015,"Paste Opaque, OD3 Initial Porcelain 3g GC",GCAMER,23.21,23.21
870016,"Paste Opaque, OD4 Initial Porcelain 3g GC",GCAMER,24.50,24.50
870051,GC Initial MC Porcelain Dentin,GCAMER,28.37,28.37
870052,GC Inital MC Porcelain Dentin,GCAMER,28.37,28.37
870053,GC Inital MC Porcelain Dentin,GCAMER,28.37,28.37
870054,GC Inital MC Porcelain Dentin DA3.5 20gm,GCAMER,28.37,28.37
870056,GC Inital MC Porcelain Dentin,GCAMER,28.37,28.37
870057,"GC Initial MC Dentin DB2, 20g",GCAMER,28.37,28.37
870060,DC1 MC Initial Dentin Porcelain,GCAMER,28.37,28.37
870061,GC Inital MC Porcelain Dentin DC2 20gm,GCAMER,28.37,28.37
870062,GC Initial MC Dentin Refill DC3 20gm,GCAMER,28.37,28.37
870063,GC Initial MC Porcelain Dentin,GCAMER,28.37,28.37
870064,"GC Initial MC Dentin DD2, 20g",GCAMER,28.37,28.37
870065,Initial MC Dentin Reill DD3 20g,GCAMER,28.37,28.37
870067,GC Initial MC Porcelain Enamel E57 20gm,GCAMER,28.37,28.37
870068,Inital MC Porcelain Enamel E58,GCAMER,28.37,28.37
870068,Inital MC Porcelain Enamel E58,GCAMER,27.08,27.08
870069,Initial MC Porcelain Enamel E59 20gm,GCAMER,27.08,27.08
870069,Initial MC Porcelain Enamel E59 20gm,GCAMER,28.37,28.37
870070,GC Inital MC Porcelain Enamel E60 20gm,GCAMER,27.08,27.08
870070,GC Inital MC Porcelain Enamel E60 20gm,GCAMER,28.37,28.37
870071,GC Initial MC Clear Fluorescence,GCAMER,28.37,28.37
870072,"GC Initial MC Translucent TN, 20g",GCAMER,29.66,29.66
870073,GC INITIAL MC TO 20GM BOTTLE GC AMERICA,GCAMER,29.66,29.66
870103,"GC Initial MC Enamel Opal EOP3, 20g",GCAMER,29.66,29.66
870122,"GC Initial MC Cervical Translucent CT-22, 20g",GCAMER,29.66,29.66
870145,"Initial MC Inside IN-45 Havanna, 20g",GCAMER,29.66,29.66
870165,"GC Initial MC Correction Powder COR, 20g",GCAMER,34.83,34.83
870202,GC Initial MC Bleach Dentin - light,GCAMER,28.37,28.37
870205,"GC Initial MC Bleach Enamel, BL-E 20g",GCAMER,28.37,28.37
870568,"Initial MC Enamel E-58, 50g GC porcelain",GCAMER,61.92,61.92
870569,"Initial MC Enamel E-59, 50g GC porcelain",GCAMER,61.92,61.92
870700,GC Initial MC Liquid Paste Opaque Thinner 8ml,GCAMER,18.05,18.05
870700,GC Initial MC Liquid Paste Opaque Thinner 8ml,GCAMER,16.76,16.76
870702,GC Initial MC Modelling Liquid 25ml,GCAMER,12.89,12.89
870712,GC Initial MC Liquid Modelling Liquid 50ml,GCAMER,16.76,16.76
870712,GC Initial MC Liquid Modelling Liquid 50ml,GCAMER,15.47,15.47
875068,GC Initial ZR Enamel,GCAMER,32.24,32.24
875821,"LiSi Dentin DA1, 20g Initial",GCAMER,33.53,33.53
875822,"LiSi Dentin DA2, 20g Initial",GCAMER,33.53,33.53
875823,"LiSi Dentin DA3, 20g Initial",GCAMER,33.53,33.53
875824,"LiSi Dentin DA3.5, 20g Initial",GCAMER,33.53,33.53
875824,"LiSi Dentin DA3.5, 20g Initial",GCAMER,32.24,32.24
875825,"LiSi Dentin DA4, 20g Initial",GCAMER,33.53,33.53
875825,"LiSi Dentin DA4, 20g Initial",GCAMER,32.24,32.24
875827,"LiSi Dentin DB2, 20g Initial",GCAMER,33.53,33.53
875828,"LiSi Dentin DB3, 20g Initial",GCAMER,33.53,33.53
875828,"LiSi Dentin DB3, 20g Initial",GCAMER,32.24,32.24
875829,"LiSi Dentin DB4, 20g Initial",GCAMER,32.24,32.24
875830,"LiSi Dentin DC1, 20g Initial",GCAMER,33.53,33.53
875830,"LiSi Dentin DC1, 20g Initial",GCAMER,32.24,32.24
875831,"LiSi Dentin DC2, 20g Initial",GCAMER,33.53,33.53
875832,"LiSi Dentin DC3, 20g Initial",GCAMER,33.53,33.53
875832,"LiSi Dentin DC3, 20g Initial",GCAMER,32.24,32.24
875833,"LiSi Dentin DC4, 20g Initial",GCAMER,32.24,32.24
875834,"LiSi Dentin DD2, 20g Initial",GCAMER,33.53,33.53
875834,"LiSi Dentin DD2, 20g Initial",GCAMER,32.24,32.24
875835,"LiSi Dentin DD3, 20g Initial",GCAMER,33.53,33.53
875835,"LiSi Dentin DD3, 20g Initial",GCAMER,32.24,32.24
875837,"LiSi Enamel E57, 20g Initial",GCAMER,33.53,33.53
875838,"LiSi Enamel E58, 20g Initial",GCAMER,33.53,33.53
875839,"LiSi Enamel E59, 20g Initial",GCAMER,33.53,33.53
875840,"LiSi Enamel E60, 20g Initial",GCAMER,33.53,33.53
875841,LiSi Clear Fluorescence CL-F,GCAMER,33.53,33.53
875856,LISI IN-42 Terracota,GCAMER,34.83,34.83
875858,"Initial LiSi, Inside, 20g",GCAMER,34.83,34.83
875865,"GC Initial LiSi, Inside",GCAMER,34.83,34.83
875866,LiSi Correction Powder 20g,GCAMER,37.41,37.41
875868,GC Initial LISI Bleach Enamel,GCAMER,33.53,33.53
875871,GC Initial LISI Bleach BLD-1 light,GCAMER,33.53,33.53
875871,GC Initial LISI Bleach BLD-1 light,GCAMER,32.24,32.24
875872,GC Initial LISI Bleach BLD-3 X-WHIT,GCAMER,33.53,33.53
875872,GC Initial LISI Bleach BLD-3 X-WHIT,GCAMER,32.24,32.24
875877,Gc Initial LISI Translucent Modifer,GCAMER,33.53,33.53
875878,Gc Initial LISI Translucent Modifer,GCAMER,32.24,32.24
875879,Gc Initial LISI Translucent Modifer,GCAMER,32.24,32.24
875890,"LiSi Modeling Liquid 50ml, Initial",GCAMER,16.76,16.76
875890,"LiSi Modeling Liquid 50ml, Initial",GCAMER,15.47,15.47
876103,Initial IN vivo IV-3,GCAMER,41.28,41.28
876220,"GC Initial IQ Diluting Liquid, 8ml",GCAMER,15.47,15.47
876220,"GC Initial IQ Diluting Liquid, 8ml",GCAMER,16.76,16.76
876400,GC Initial IQ Refresh Liquid 8ml,GCAMER,15.47,15.47
876400,GC Initial IQ Refresh Liquid 8ml,GCAMER,14.18,14.18
876401,Lustre Paste NF Enamel Effect,GCAMER,34.83,34.83
876401,Lustre Paste NF Enamel Effect,GCAMER,33.53,33.53
876402,Lustre Paste NF Body Shade A 4g Initial IQ GC America,GCAMER,34.83,34.83
876402,Lustre Paste NF Body Shade A 4g Initial IQ GC America,GCAMER,33.53,33.53
876403,Lustre Paste NF Body Shade B 4g Initial IQ GC America,GCAMER,34.83,34.83
876403,Lustre Paste NF Body Shade B 4g Initial IQ GC America,GCAMER,33.53,33.53
876404,Lustre Paste NF Body Shade C 4g Initial IQ GC America,GCAMER,33.53,33.53
876404,Lustre Paste NF Body Shade C 4g Initial IQ GC America,GCAMER,34.83,34.83
876405,Lustre Paste NF Body Shade D 4g Initial IQ GC America,GCAMER,34.83,34.83
876405,Lustre Paste NF Body Shade D 4g Initial IQ GC America,GCAMER,33.53,33.53
876406,Lustre Paste NF Enamel Effect shade 1 - Vanilla 4g Initial IQ GC,GCAMER,34.83,34.83
876407,Lustre Paste NF Enamel Effect,GCAMER,34.83,34.83
876407,Lustre Paste NF Enamel Effect,GCAMER,33.53,33.53
876408,Lustre Paste NF Enamel Effect shade 3-Light Gray 4g Initial IQ GC,GCAMER,34.83,34.83
876408,Lustre Paste NF Enamel Effect shade 3-Light Gray 4g Initial IQ GC,GCAMER,33.53,33.53
876409,Lustre Paste NF Enamel Effect shade 4-Dark Gray 4g Initial IQ GC,GCAMER,33.53,33.53
876410,Lustre Paste NF Enamel Effect shade 5-Light Blue 4g Initial IQ GC,GCAMER,34.83,34.83
876410,Lustre Paste NF Enamel Effect shade 5-Light Blue 4g Initial IQ GC,GCAMER,33.53,33.53
876410,Lustre Paste NF Enamel Effect shade 5-Light Blue 4g Initial IQ GC,GCAMER,-33.53,-33.53
876411,Lustre Paste NF Enamel Effect shade 6-Dark Blue 4g Initial IQ GC,GCAMER,34.83,34.83
876411,Lustre Paste NF Enamel Effect shade 6-Dark Blue 4g Initial IQ GC,GCAMER,33.53,33.53
876412,Lustre Paste NF Enamel Effect shade 7-Incisio 4g Initial IQ GC,GCAMER,34.83,34.83
876412,Lustre Paste NF Enamel Effect shade 7-Incisio 4g Initial IQ GC,GCAMER,33.53,33.53
876413,Lustre Paste NF Enamel Effect shade 8-Olive,GCAMER,34.83,34.83
876413,Lustre Paste NF Enamel Effect shade 8-Olive,GCAMER,33.53,33.53
876414,Lustre Paste NF Enamel Effect shade V-Value 4g Initial IQ GC,GCAMER,34.83,34.83
876414,Lustre Paste NF Enamel Effect shade V-Value 4g Initial IQ GC,GCAMER,33.53,33.53
876425,Lustre Paste Neutral,GCAMER,79.99,79.99
876425,Lustre Paste Neutral,GCAMER,77.41,77.41
877001,"Initial MC Basic Set, Porcelain Set, GC",GCAMER,1027.05,1027.05
877002,GC Initial Porcelain Basic Plus Set MC,GCAMER,1058.82,1058.82
877065,GC Initial MC Bleach set package,GCAMER,322.56,322.56
877086,Initial LiSi Basic Set,GCAMER,495.29,495.29
877087,Initial LiSi Advanced Kit,GCAMER,683.52,683.52
8884540500,6' Q-Tips 1000 per box,KENDAL,7.88,7.88
8884540500,6' Q-Tips 1000 per box,KENDAL,-7.88,-7.88
90003-5626,Rubber Mat for Vibrax,RENFER,46.18,46.18
904764,Faskut Luci-Sof Bur medium Dentsply,DENTS,35.10,35.10
904765,Faskut Luci-Sof Bur large Dentsply,DENTS,35.10,35.10
9071,A 1/2 Laboratory Carbide 1/4 Shank #9071,DEDECO,19.25,19.25
9074,"Burs, Laboratory Carbide 1/4 Shank (D-1/2) #9074",DEDECO,16.45,16.45
9081,Carbide Bur A-3/8 1/UNIT,DEDECO,15.90,15.90
9081,Carbide Bur A-3/8 1/UNIT,DEDECO,14.67,14.67
9120300,Procure Replacement Bulbs,KEYSTO,23.42,23.42
9120300,Procure Replacement Bulbs,KEYSTO,22.71,22.71
92921-0051,"Replacement Motor For Silent TS 120v, Renfert",RENFER,167.93,167.93
92921-0051,"Replacement Motor For Silent TS 120v, Renfert",RENFER,173.30,173.30
92921-0051,"Replacement Motor For Silent TS 120v, Renfert",RENFER,172.96,172.96
9557540,RED BioHazard Bag with Document Pouch (100) 5 x 8,KEYSTO,9.02,9.02
9596980,Soft E.V.A. .040 with Paper (25) Dental Resources Proform,KEYSTO,16.00,16.00
9596980,Soft E.V.A. .040 with Paper (25) Dental Resources Proform,KEYSTO,16.52,16.52
9603580R2,Dual Laminate (12) 120mm Round,KEYSTO,57.16,57.16
9604,"CVD-Diamond Milling Bur Roland 1.0MM 1/UNIT, Dedeco",DEDECO,90.32,90.32
9604,"CVD-Diamond Milling Bur Roland 1.0MM 1/UNIT, Dedeco",DEDECO,-90.32,-90.32
9604700,E-Gasket Dual Laminates 2mm Clear Dozen Dental Resources,KEYSTO,57.16,57.16
9604700,E-Gasket Dual Laminates 2mm Clear Dozen Dental Resources,KEYSTO,58.90,58.90
9605-,"CVD-Diamond Milling Bur Roland 2.0MM 1/UNIT, Dedeco",DEDECO,90.32,90.32
9605-,"CVD-Diamond Milling Bur Roland 2.0MM 1/UNIT, Dedeco",DEDECO,-90.32,-90.32
9617390,"Custom Tray Material .125, 25/box, Blue Proform",KEYSTO,18.52,18.52
97010,Blue dot motor brushes for blue dot motor Vaniman dust collector,VANIMA,-26.13,-26.13
97010,Blue dot motor brushes for blue dot motor Vaniman dust collector,VANIMA,26.13,26.13
97037,Vaniman Red Dot Motor,VANIMA,140.32,140.32
97903,"Black Large Blasting Tip for Sandstorm Unit, 2/pkg Vaniman",VANIMA,27.08,27.08
97903,"Black Large Blasting Tip for Sandstorm Unit, 2/pkg Vaniman",VANIMA,26.50,26.50
97907,"Large Precision Carbide Tip for Sandstorm, Violet, Vaniman",VANIMA,27.08,27.08
97907,"Large Precision Carbide Tip for Sandstorm, Violet, Vaniman",VANIMA,26.50,26.50
97915,Sand Tank Bottom Hose Conversion Kit (includes fittings & hose),VANIMA,19.35,19.35
97947,Spray Jet Assy Vaniman,VANIMA,29.03,29.03
9891401,Faskut Disc #14 pack of 25,DENTS,29.61,29.61
98929,Dentsply Silicone Spray Release Agent 16oz,DENTS,16.32,16.32
98929,Dentsply Silicone Spray Release Agent 16oz,DENTS,-16.32,-16.32
98929,Dentsply Silicone Spray Release Agent 16oz,DENTS,16.84,16.84
9995183,"MS Attachment (White) 4, Complete, Ney",CERAMCO,44.35,44.35
A-113,Spru-Ese Yellow Direct 8ga W/Reservoir 1000ct,CALIBER,37.35,37.35
A-4552-6,"Radial Bristle Disc 3 dia., Yellow dia 80 Grit, Pack of 6",FOREST,24.15,24.15
AB001,Replacement Turbo Motor (115V) Quatro,QUATRO,93.93,93.93
AB001,Replacement Turbo Motor (115V) Quatro,QUATRO,-72.80,-72.80
AG113-5,Anti-microbial deluxe Filter Bags for Jet-Stream 5/pk Quatro,QUATRO,42.77,42.77
AG113-5,Anti-microbial deluxe Filter Bags for Jet-Stream 5/pk Quatro,QUATRO,-42.77,-42.77
AM/500-INTRO,Acryl-Marvel 500gr Intro Assortment,DEVENT,42.46,42.46
AP-0024,Plunger Universal Savers 5 each to use with Success CDM,MYERSO,29.94,29.94
AP-0240,CDM Dental Fine Scratch Remover 2oz,MYERSO,12.34,12.34
AP-0240,CDM Dental Fine Scratch Remover 2oz,MYERSO,-12.10,-12.10
AP-0240,CDM Dental Fine Scratch Remover 2oz,MYERSO,12.10,12.10
AR123-16,Shaker Motor,QUATRO,57.81,57.81
AR175,"Infinity Motor, Quatro",QUATRO,163.48,163.48
AS406,"Pyrathane belt 9'- 8""",WELLS,13.55,13.55
B-894-6,Glass Beaker with lid (400ml),ADS,20.13,20.13
B222,Fine Wagner 22x4 Knife Edge,WAGNWI,30.97,30.97
B410,"DiaCool Wheel Large 22 x 2, Wagner",WAGNWI,36.08,36.08
B611,"Red Berry 26mm Coarse finishing wheel, Wagner",WAGNWI,34.84,34.84
B611,"Red Berry 26mm Coarse finishing wheel, Wagner",WAGNWI,-34.84,-34.84
B612,"Blue Berry 26mm, Knife Edge, Medium Finishing wheel, Wagner",WAGNWI,34.84,34.84
B6127,"Blueberry Wheel 17mm x 3mm Medium, Wagner",WAGNWI,21.87,21.87
B613,UltraBerry 26mm Knife Edge Coarse P,WAGNWI,34.84,34.84
B6136,"UltraBerry, Flat Edged Wheel 26x2.3",WAGNWI,34.84,34.84
B621,"Diamond Infused Coarse Knife Edge Light Blue 26mm, Wagner",WAGNWI,30.97,30.97
B621,"Diamond Infused Coarse Knife Edge Light Blue 26mm, Wagner",WAGNWI,-30.97,-30.97
B622-3,"Diamond Infused Coarse Wheel Light Blue-17mm x 3.0mm, Wagner",WAGNWI,18.06,18.06
B628,GoldenEagle Large Point 18mm x 5.5m,WAGNWI,15.48,15.48
B631,"Diamond Infused Medium Knife Edge Pink 26mm, Wagner",WAGNWI,30.97,30.97
B631,"Diamond Infused Medium Knife Edge Pink 26mm, Wagner",WAGNWI,0.00,0.00
B632-3,"Diamond Infused Medium Wheel Pink-17mm x 3.0mm, Wagner",WAGNWI,18.06,18.06
B632-3,"Diamond Infused Medium Wheel Pink-17mm x 3.0mm, Wagner",WAGNWI,0.00,0.00
B638,Wagner Diamond Infused Large Point,WAGNWI,15.48,15.48
B641,"Diamond Infused Fine High Shine Gray 26mm, Wagner",WAGNWI,30.97,30.97
B642-3,"Diamond Infused Fine Wheel Grey-17mm x 3.0mm, Wagner",WAGNWI,18.06,18.06
BS-0105,"Release Compound, CDM",MYERSO,21.29,21.29
BS-0105,"Release Compound, CDM",MYERSO,-20.59,-20.59
BS-0105,"Release Compound, CDM",MYERSO,20.59,20.59
C034751,Chuck Remover Tool for Presto units,NSK,5.03,5.03
CHARTIC,Chrome Nowak Denture Articulators (EE8) High ARch,META,3.68,3.68
CHARTIC,Chrome Nowak Denture Articulators (EE8) High ARch,META,4.26,4.26
D-926-4,ADS Clearly Debubblizer & Wax Pattern Cleaner 8oz,ADS,7.73,7.73
D-926-6,ADS Clearly Debubblizer & Wax Pattern Cleaner Quart,ADS,17.51,17.51
D-926-6,ADS Clearly Debubblizer & Wax Pattern Cleaner Quart,ADS,17.01,17.01
DC2010,Wonderpeg Instant Firing Support 10cc syringe Dental Creations,WONDER,5.81,5.81
DF-DPNK-MED-6PK,"Duraflex Cartridges Shade: Dark Pink, Medium 6/pack, CDM",MYERSO,43.37,43.37
DF-MPNK-LG-6PK,"Duraflex Cartridges Shade: Medium Pink, Large 6/pack, CDM",MYERSO,-45.96,-45.96
DF-MPNK-LG-6PK,"Duraflex Cartridges Shade: Medium Pink, Large 6/pack, CDM",MYERSO,45.96,45.96
DF-MPNK-MED-6PK,"Duraflex Cartridges Shade: Medium Pink, Medium 6/pack, CDM",MYERSO,-43.37,-43.37
DF-MPNK-MED-6PK,"Duraflex Cartridges Shade: Medium Pink, Medium 6/pack, CDM",MYERSO,43.37,43.37
DF-PNK-LG-6PK,"Duraflex Cartridges Shade: Pink, Large 6/pack, CDM",MYERSO,45.96,45.96
DF-PNK-MED-6PK,"Duraflex Cartridges Shade: Pink, Medium 6/pack, CDM",MYERSO,43.37,43.37
DF-PNK-MED-6PK,"Duraflex Cartridges Shade: Pink, Medium 6/pack, CDM",MYERSO,-43.37,-43.37
DS416RR,Parkell Accufilm II Red/Red Articulating Paper,NORTH,17.55,17.55
ES-1000,Blazer ES-1000 Micro Torch Black 189-1002-black,SELEAL,-48.39,-48.39
ES-1000,Blazer ES-1000 Micro Torch Black 189-1002-black,SELEAL,48.39,48.39
F082,Main Filter for iVAC TWIN/Velocity X2 (1/pkg),QUATRO,93.03,93.03
F191S,"Hepa filter for Jetstream, IVac & ",QUATRO,65.03,65.03
FMAC0101,Colour Liquid Waterbased,ZIRKON,55.74,55.74
FMAC0101,Colour Liquid Waterbased,ZIRKON,61.93,61.93
FMAC0201,Color Liquid A2 100ml Water Based,ZIRKON,61.93,61.93
FMAC0301,Color Liquid A3 100ml WaterBased,ZIRKON,61.93,61.93
FMAC0401,Color Liquid A3.5 100ml WaterBased,ZIRKON,55.74,55.74
FMAC0401,Color Liquid A3.5 100ml WaterBased,ZIRKON,61.93,61.93
FMAC0501,Color Liquid A4 100ml WaterBased,ZIRKON,61.93,61.93
FMAC0601,Color Liquid B1 100ml WaterBased,ZIRKON,61.93,61.93
FMAC0701,Color Liquid B2 100ml WaterBased,ZIRKON,61.93,61.93
FMAC0801,Color Liquid B3 100ml WaterBased,ZIRKON,61.93,61.93
FMAC0901,Color Liquid B4 100ml WaterBased,ZIRKON,61.93,61.93
FMAC1001,Color Liquid C1 100ml WaterBased,ZIRKON,61.93,61.93
FMAC1101,Color Liquid C2 100ml WaterBased,ZIRKON,61.93,61.93
FMAC1201,Color Liquid C3 100ml WaterBased,ZIRKON,61.93,61.93
FMAC1301,Color Liquid C4 100ml WaterBased,ZIRKON,61.93,61.93
FMAC1401,Colour Liquid Waterbased,ZIRKON,61.93,61.93
FMAC1501,Color Liquid D3 100ml WaterBased,ZIRKON,61.93,61.93
FMAC1601,Color Liquid D4 100ml WaterBased,ZIRKON,61.93,61.93
FMAC4201,"Color Liquid Prettau Aquarell C3 50ml, Zirkon Zahn",ZIRKON,66.06,66.06
FMAC4301,"Color Liquid Prettau Aquarell C4 50ml, Zirkon Zahn",ZIRKON,59.46,59.46
G68-993,Vita Classical Shade guide,VIDEEB,155.07,155.07
GS104,GS Green State Contour Knife Edge,WAGNWI,4.61,4.61
GS104,GS Green State Contour Knife Edge,WAGNWI,15.38,15.38
HG14,Dura-Green Stones Shape IC1 1/2 gross,SHOFU,107.12,107.12
HG14,Dura-Green Stones Shape IC1 1/2 gross,SHOFU,99.03,99.03
HG14,Dura-Green Stones Shape IC1 1/2 gross,SHOFU,102.99,102.99
HG14,Dura-Green Stones Shape IC1 1/2 gross,SHOFU,110.33,110.33
HG16,Dura-Green Stones Shape IC3 1/2 gross,SHOFU,107.12,107.12
HG16,Dura-Green Stones Shape IC3 1/2 gross,SHOFU,99.03,99.03
HG18,Dura-Green Stones Shape,SHOFU,99.03,99.03
HG18,Dura-Green Stones Shape,SHOFU,110.33,110.33
HG18,Dura-Green Stones Shape,SHOFU,107.12,107.12
HG18,Dura-Green Stones Shape,SHOFU,102.99,102.99
HG18,Dura-Green Stones Shape,SHOFU,-99.03,-99.03
HP0014,Dura-Green Stones Shape IC1 1 dozen,SHOFU,-19.42,-19.42
HP0014,Dura-Green Stones Shape IC1 1 dozen,SHOFU,19.42,19.42
HP0014,Dura-Green Stones Shape IC1 1 dozen,SHOFU,20.18,20.18
HP0022,Dura-Green Stones Shape IC9 1 dozen,SHOFU,19.42,19.42
HP0022,Dura-Green Stones Shape IC9 1 dozen,SHOFU,20.18,20.18
HP0040,Dura-Green Stones Shape TC2 1 dozen,SHOFU,19.42,19.42
HP0048,Dura-Green Stones Shape WH6 1 dozen,SHOFU,19.42,19.42
HP0048,Dura-Green Stones Shape WH6 1 dozen,SHOFU,-19.42,-19.42
HP0048,Dura-Green Stones Shape WH6 1 dozen,SHOFU,20.18,20.18
KDKSL-100,Kwikalators Slotted Articulators,KWIK,-18.06,-18.06
KDKSL-100,Kwikalators Slotted Articulators,KWIK,18.06,18.06
LAB-DART-BLK50,Black Slotted Articulators vertex-l,TPC,3.87,3.87
LIQ-DISPE-6OZ,Liquid Dispenser bottle needle tip 6oz size,HOOKER,7.74,7.74
LIQUID-DISPENSER,Liquid Dispenser bottle 2oz needle tip,HOOKER,6.19,6.19
MS-0200,Thermoplastic Model Separator,MYERSO,25.16,25.16
MS-0200,Thermoplastic Model Separator,MYERSO,25.65,25.65
MS-0200,Thermoplastic Model Separator,MYERSO,25.15,25.15
MS-0201,"TMS Trays 10/pk, CDM",MYERSO,4.27,4.27
MS-0201,"TMS Trays 10/pk, CDM",MYERSO,-4.27,-4.27
MS-0202,"TMS Swabs 10/pk, CDM",MYERSO,5.25,5.25
MS-0202,"TMS Swabs 10/pk, CDM",MYERSO,5.15,5.15
MS-0202,"TMS Swabs 10/pk, CDM",MYERSO,5.14,5.14
N021855,"PolyFlex Duplicating Material 7.5 liters, Dentsply",DENTS,68.19,68.19
N021855,"PolyFlex Duplicating Material 7.5 liters, Dentsply",DENTS,66.19,66.19
N021855,"PolyFlex Duplicating Material 7.5 liters, Dentsply",DENTS,88.45,88.45
N021855,"PolyFlex Duplicating Material 7.5 liters, Dentsply",DENTS,70.97,70.97
N021855,"PolyFlex Duplicating Material 7.5 liters, Dentsply",DENTS,69.55,69.55
N021855,"PolyFlex Duplicating Material 7.5 liters, Dentsply",DENTS,85.03,85.03
NEOS-C001,Ceramic Crucible For KDF Casting unit (box of 10),KDFUS,342.12,342.12
NEOS-C001,Ceramic Crucible For KDF Casting unit (box of 10),KDFUS,-342.12,-342.12
NEOS-C002,Super CasCom Carbon Crucibles 10pcs/box KDF,KDFUS,257.79,257.79
NEOS-C002,Super CasCom Carbon Crucibles 10pcs/box KDF,KDFUS,-257.79,-257.79
NEOS-M102,Tweezer for Neo Cascom,KDFUS,49.26,49.26
NEOS-M103,CRUCIBLE STAND FOR KDF CASTING UNIT,KDFUS,173.73,173.73
OCP02-320,Opticide 3 Disinfectant 2-2.5 Gallon with Spigot,KENDAL,94.86,94.86
P-75-15,ParapostXP Burnout Post .50 1.25mm,WHALED,45.23,45.23
P/CS/E/EK,ClearSplint Regular Econo Kit (320g Powder/240g Liquid) Astron,ASTRON,162.54,162.54
P/CS/E/EK,ClearSplint Regular Econo Kit (320g Powder/240g Liquid) Astron,ASTRON,-162.54,-162.54
P/CS/F/EK,ClearSplint Flexible Econo Kit (320g Powder/240g Liquid) Astron,ASTRON,162.54,162.54
P/CS/F/SEK,ClearSplint Flexible Super Econo Kit (960g Powder/720g Liquid),ASTRON,361.25,361.25
P0041,NTI Polisher - Brown HP Universal pkg 10,AXIS,22.45,22.45
P16-15,Arbor Band Chuck Handler,HANDLE,7.73,7.73
P30001,NTI Yellow CeraGlaze w/Mandrel Polishers Premium,AXIS,60.57,60.57
P359402,"Vinyl Exam Glove,Non-Powdered, Small, 100/bx, 10 bx/cs",KENDAL,33.28,33.28
P359403,"Vinyl Exam Glove,Non-Powdered,",KENDAL,2.83,2.83
P359403,"Vinyl Exam Glove,Non-Powdered,",KENDAL,28.26,28.26
P359404,"Vinyl Exam Gloves, Non-powered",KENDAL,33.28,33.28
P359503,"Vinyl Exam Glove, Powdered, Medium,",KENDAL,2.83,2.83
P751-3,10 ParaPostXP Plastic Burnout Posts,WHALED,43.91,43.91
P751-4,10 ParaPostXP Plastic Burnout Yello,WHALED,43.91,43.91
P7514,10 ParaPostXP Plastic Burnout Yello,WHALED,45.23,45.23
PAKZR,"Purge All ZR Kit, Vision",VISIDE,48.97,48.97
PAP,"Purge All Plus 1/2lb, Vision",VISIDE,23.16,23.16
PIC,Pulpdent Pic-N-Stic,KENDAL,15.56,15.56
PLASTICSHIELD,Castagnolo Plastic Shield,CASTSD,15.52,15.52
PP/ZIRCON20,Zircon Brite Zirconium Polishing Paste 20g DVA,DEVENT,-43.64,-43.64
PP/ZIRCON20,Zircon Brite Zirconium Polishing Paste 20g DVA,DEVENT,43.64,43.64
Q-8006,Yellow Mixing Tips 48 bag Quala,KENDAL,20.67,20.67
Q9015,Quala retainer boxes pack of 12,KENDAL,7.78,7.78
Q9015,Quala retainer boxes pack of 12,KENDAL,7.03,7.03
R2F-5BK,Black/Clear C&B Boxes 2 with Foam inserted 500pcs,TIGER,127.74,127.74
R856-6,ADS Remove-it wax solvent quart,ADS,-15.41,-15.41
R856-6,ADS Remove-it wax solvent quart,ADS,15.41,15.41
S924-8,Son-Eez Blue Ultrasonic Cleaner,ADS,21.96,21.96
SG-1,SG-1 COARSE GREY 7/8 SQUARE EDGE FOR PORCELAIN BOX 100,PACIFIC,37.93,37.93
SG-1K78,Coarse Knifed Edge 7/8 100/pack silicon wheels,PACIFIC,37.93,37.93
SG-1K78,Coarse Knifed Edge 7/8 100/pack silicon wheels,PACIFIC,40.90,40.90
SG-4C-20,"High Shine - Light Grey, 20 pack",PACIFIC,8.90,8.90
SG-4S78---100,"High Shine Square Edge for Porcelain 7/8 x 1/8, 100Box",PACIFIC,40.90,40.90
SS416R,Parkell Accufilm I Red Articulating Paper,NORTH,15.42,15.42
SS416R,Parkell Accufilm I Red Articulating Paper,NORTH,16.64,16.64
SS416R,Parkell Accufilm I Red Articulating Paper,NORTH,17.23,17.23
SS416R,Parkell Accufilm I Red Articulating Paper,PARKELL,17.03,17.03
SYN/08001,Fiber Force 1mm braid pink,SYNCA,61.29,61.29
SYN/08001,Fiber Force 1mm braid pink,SYNCA,-61.29,-61.29
SYN/08014,Fiber Force UD Pink 2mm x 15cm,SYNCA,61.29,61.29
SYN/08014,Fiber Force UD Pink 2mm x 15cm,SYNCA,-61.29,-61.29
T06599,MicroSwitch 2 Pole AF 5/76,WHIPMI,52.21,52.21
T815-019,NSK Presto Chuck,NSK,27.69,27.69
T816-016,NSK Presto Aqua Turbine,NSK,192.06,192.06
TCHL12,"Carver DE Hollenback 1/2, Miltex",MILTEX,22.19,22.19
TPBR,Red/Blue Combo Articulating Paper .004 12 sheets/bk -12bks/box,CROSST,4.26,4.26
TPH,Horse-Shoe Red/Blue Articulating Paper .004 12 sheets/bk -12bks/,KENDAL,7.35,7.35
TPH,Horse-Shoe Red/Blue Articulating Paper .004 12 sheets/bk -12bks/,KENDAL,7.68,7.68
VMC-1028,Motor Brushes for all Vaniman Dust Collectors (Set of 2),VANIMA,33.87,33.87
VMC-A400-3,"Filter Bags for Van-i-Vac, Voyager, Evolution, and Abrasive Vac 3",VANIMA,-28.64,-28.64
VMC-A400-3,"Filter Bags for Van-i-Vac, Voyager, Evolution, and Abrasive Vac 3",VANIMA,28.64,28.64
VMC-A400-5,"Filter Bags for Van-i-Vac, Voyager, Evolution, and Abrasive Vac 5",VANIMA,40.26,40.26
VMC-A400-5,"Filter Bags for Van-i-Vac, Voyager, Evolution, and Abrasive Vac 5",VANIMA,46.97,46.97
VMC-A400-5,"Filter Bags for Van-i-Vac, Voyager, Evolution, and Abrasive Vac 5",VANIMA,45.42,45.42
W002,"Quala Large Utility Wax Strips, White, (75 Strips per box)Round",KENDAL,11.32,11.32
